"title, company, link"
CVEDIA,Senior Python and Machine Learning Engineer - Remote - EU Time Zone,https://weworkremotely.com/remote-jobs/cvedia-senior-python-and-machine-learning-engineer-remote-eu-time-zone
EveryoneSocial,Sr. Python Engineer,https://weworkremotely.com/remote-jobs/everyonesocial-sr-python-engineer
Cazana,Principle Backend Engineer (Python) - 100% Remote,https://weworkremotely.com/remote-jobs/cazana-principle-backend-engineer-python-100-remote
DataKitchen,Senior Python Engineer,https://weworkremotely.com/remote-jobs/datakitchen-senior-python-engineer
OpenCraft,"Open Source Developer & DevOps (Python, Django, React, AWS/OpenStack)",https://weworkremotely.com/remote-jobs/opencraft-open-source-developer-devops-python-django-react-aws-openstack
Optimile,(Senior) Python Full Stack Software Developer,https://weworkremotely.com/remote-jobs/optimile-senior-python-full-stack-software-developer
Myagi,"Software Engineer - Python, Remote",https://weworkremotely.com/remote-jobs/myagi-software-engineer-python-remote
X-Team,Python Developer / Data Engineer (SQL) (U.S. Based),https://weworkremotely.com/remote-jobs/x-team-python-developer-data-engineer-sql-u-s-based
Synergy Sports,Senior Python Backend Engineer - REMOTE,https://weworkremotely.com/remote-jobs/synergy-sports-senior-python-backend-engineer-remote
Bubbling,Python Full Stack Software Developer (senior) - remote,https://weworkremotely.com/remote-jobs/bubbling-python-full-stack-software-developer-senior-remote-1
X-Team,Python Developer/ML/Data Engineer (U.S. Only),https://weworkremotely.com/remote-jobs/x-team-python-developer-ml-data-engineer-u-s-only
Nearsure,Python Lead Engineer,https://weworkremotely.com/remote-jobs/nearsure-python-lead-engineer-1
Unhaggle Inc.,Full Stack Developer (Python & Vue.js),https://weworkremotely.com/remote-jobs/unhaggle-inc-full-stack-developer-python-vue-js-2
X-Team,Senior Python/C++ Engineer,https://weworkremotely.com/remote-jobs/x-team-senior-python-c-engineer
Raise.dev,Python Developer Coach,https://weworkremotely.com/remote-jobs/raise-dev-python-developer-coach
Synergy Sports ,"Senior Full Stack Engineer, Python and JS | REMOTE",https://weworkremotely.com/remote-jobs/synergy-sports-senior-full-stack-engineer-python-and-js-remote
Washington Abstract,Founding Lead Backend Engineer - Python,https://weworkremotely.com/remote-jobs/washington-abstract-founding-lead-backend-engineer-python
"JPMorgan Chase Bank, N.A.
                ",Software Engineering-Voice Streaming Services,https://stackoverflow.com/jobs/498947/software-engineering-voice-streaming-services-jpmorgan-chase-bank-na
"Scanifly
                ",Computer Vision and Cloud AI Software Engineer,https://stackoverflow.com/jobs/483229/computer-vision-and-cloud-ai-software-engineer-scanifly
"Oracle
                ","Data Center Technician, JoinOCI-NDC",https://stackoverflow.com/jobs/498951/data-center-technician-joinoci-ndc-oracle
"Oracle
                ",Site Reliability Engineer (JoinOCI-SDE),https://stackoverflow.com/jobs/498950/site-reliability-engineer-joinoci-sde-oracle
"Tech9
                ",Looking for an Amazing Senior Python Developer,https://stackoverflow.com/jobs/468707/looking-for-an-amazing-senior-python-developer-tech9
"Freedom Financial Network
                ",Senior/Lead Java Engineer,https://stackoverflow.com/jobs/446780/senior-lead-java-engineer-freedom-financial-network
"Chan Zuckerberg Initiative
                ","Software Engineer, Meta, Science",https://stackoverflow.com/jobs/446773/software-engineer-meta-science-chan-zuckerberg-initiative
"Iridium Technology
                ",Tagalog Speaking Full Stack Angular and C# Developer (Remote),https://stackoverflow.com/jobs/468538/tagalog-speaking-full-stack-angular-and-c-sharp-iridium-technology
"JPMorgan Chase Bank, N.A.
                ",Data Engineering Lead,https://stackoverflow.com/jobs/498944/data-engineering-lead-jpmorgan-chase-bank-na
"JPMorgan Chase Bank, N.A.
                ",Infrastructure Development,https://stackoverflow.com/jobs/498943/infrastructure-development-jpmorgan-chase-bank-na
"JPMorgan Chase Bank, N.A.
                ",Software Engineering - Productivity Engineer,https://stackoverflow.com/jobs/498941/software-engineering-productivity-engineer-jpmorgan-chase-bank-na
"JPMorgan Chase Bank, N.A.
                ",Lead DevOps Software Engineer,https://stackoverflow.com/jobs/498940/lead-devops-software-engineer-jpmorgan-chase-bank-na
"JPMorgan Chase Bank, N.A.
                ",Applications Support,https://stackoverflow.com/jobs/498934/applications-support-jpmorgan-chase-bank-na
"JPMorgan Chase Bank, N.A.
                ",Site Reliability Engineer,https://stackoverflow.com/jobs/498930/site-reliability-engineer-jpmorgan-chase-bank-na
"JPMorgan Chase Bank, N.A.
                ",Software Engineering Python,https://stackoverflow.com/jobs/498923/software-engineering-python-jpmorgan-chase-bank-na
"JPMorgan Chase Bank, N.A.
                ",Software Engineer,https://stackoverflow.com/jobs/498918/software-engineer-jpmorgan-chase-bank-na
"JPMorgan Chase Bank, N.A.
                ",Software Engineering-Site Reliability engineer,https://stackoverflow.com/jobs/498915/software-engineering-site-reliability-engineer-jpmorgan-chase-bank-na
"JPMorgan Chase Bank, N.A.
                ",Full Stack Java Developer,https://stackoverflow.com/jobs/498914/full-stack-java-developer-jpmorgan-chase-bank-na
"JPMorgan Chase Bank, N.A.
                ",AM PM Software Engineering- Bengaluru,https://stackoverflow.com/jobs/498900/am-pm-software-engineering-bengaluru-jpmorgan-chase-bank-na
"JPMorgan Chase Bank, N.A.
                ",Big Data Engineer - Python + Spark,https://stackoverflow.com/jobs/498897/big-data-engineer-python-plus-spark-jpmorgan-chase-bank-na
"JPMorgan Chase Bank, N.A.
                ",Senior React / Java Software Engineer,https://stackoverflow.com/jobs/498896/senior-react-java-software-engineer-jpmorgan-chase-bank-na
"JPMorgan Chase Bank, N.A.
                ",Software Engineer - Cloud and Data Platform,https://stackoverflow.com/jobs/498892/software-engineer-cloud-and-data-platform-jpmorgan-chase-bank-na
"JPMorgan Chase Bank, N.A.
                ",Software Engineer - Cloud & Data Platform Team,https://stackoverflow.com/jobs/498891/software-engineer-cloud-data-platform-team-jpmorgan-chase-bank-na
"JPMorgan Chase Bank, N.A.
                ",Full stack developer,https://stackoverflow.com/jobs/498890/full-stack-developer-jpmorgan-chase-bank-na
"JPMorgan Chase Bank, N.A.
                ",Java Lead- Bangalore,https://stackoverflow.com/jobs/498885/java-lead-bangalore-jpmorgan-chase-bank-na
Portal,Engineering Lead,https://remoteok.io/remote-jobs/101834-remote-engineering-lead-portal
DataKitchen,Manager Toolchain Software Engineering,https://remoteok.io/remote-jobs/101765-remote-manager-toolchain-software-engineering-datakitchen
Kontist,DevOps Engineer,https://remoteok.io/remote-jobs/101122-remote-devops-engineer-kontist
Kontist,Data Engineer DataOps,https://remoteok.io/remote-jobs/101120-remote-data-engineer-dataops-kontist
Culture Biosciences,Senior Frontend Engineer,https://remoteok.io/remote-jobs/101731-remote-senior-frontend-engineer-culture-biosciences
2amigos! Consulting Group,Python Engineer,https://remoteok.io/remote-jobs/101704-remote-python-engineer-2amigos-consulting-group
Argyle,Senior Backend Software Engineers,https://remoteok.io/remote-jobs/101553-remote-senior-backend-software-engineers-argyle
Remotesome,Backend Engineer,https://remoteok.io/remote-jobs/101520-remote-backend-engineer-remotesome
Argyle,Technical Support Manager,https://remoteok.io/remote-jobs/101510-remote-technical-support-manager-argyle
Muck Rack,Senior Software Engineer,https://remoteok.io/remote-jobs/101485-remote-senior-software-engineer-muck-rack
Platform.sh,Customer Support Engineer,https://remoteok.io/remote-jobs/101477-remote-customer-support-engineer-platform-sh
ZibaSec,Senior Python Django Developer,https://remoteok.io/remote-jobs/101445-remote-senior-python-django-developer-zibasec
Muck Rack,Senior Software Engineer,https://remoteok.io/remote-jobs/101377-remote-senior-software-engineer-muck-rack
ZibaSec,AWS Focused Site Reliability Engineer,https://remoteok.io/remote-jobs/101326-remote-aws-focused-site-reliability-engineer-zibasec
Bloom Credit,Backend Engineer,https://remoteok.io/remote-jobs/100939-remote-backend-engineer-bloom-credit
Argyle,Software Engineer,https://remoteok.io/remote-jobs/100929-remote-software-engineer-argyle
Iterative,Senior Software Engineer,https://remoteok.io/remote-jobs/99244-remote-senior-software-engineer-iterative
Ambient Innovation,Senior Python Developer,https://remoteok.io/remote-jobs/101685-remote-senior-python-developer-ambient-innovation
Geomagical Labs,Python Backend Lead Engineer,https://remoteok.io/remote-jobs/101624-remote-python-backend-lead-engineer-geomagical-labs
Administrate,Senior Software Engineer,https://remoteok.io/remote-jobs/101155-remote-senior-software-engineer-administrate
Welcome,Senior Software Engineer,https://remoteok.io/remote-jobs/101139-remote-senior-software-engineer-welcome
The Linux Foundation,DevOps Software Engineer,https://remoteok.io/remote-jobs/100705-remote-devops-software-engineer-the-linux-foundation
DataKitchen,Senior Python Engineer,https://remoteok.io/remote-jobs/100682-remote-senior-python-engineer-datakitchen
Ampcontrol.io,Software Engineer,https://remoteok.io/remote-jobs/100578-remote-software-engineer-ampcontrol-io
HelloMaaS,Full Stack Developer,https://remoteok.io/remote-jobs/100554-remote-full-stack-developer-hellomaas
LearnCube,Web Developer,https://remoteok.io/remote-jobs/100457-remote-web-developer-learncube
NannyML,Senior Software Engineer,https://remoteok.io/remote-jobs/100441-remote-senior-software-engineer-nannyml
Earning Together,Full Stack Developer,https://remoteok.io/remote-jobs/100005-remote-full-stack-developer-earning-together
Intent Technologies,Python Engineer,https://remoteok.io/remote-jobs/100003-remote-python-engineer-intent-technologies
Prominent Edge,Lead DevOps Engineer,https://remoteok.io/remote-jobs/99919-remote-lead-devops-engineer-prominent-edge
Toptal,Senior Developer,https://remoteok.io/remote-jobs/99898-remote-senior-developer-toptal
Clarity Movement Co.,Senior Backend Developer,https://remoteok.io/remote-jobs/99896-remote-senior-backend-developer-clarity-movement-co
komoot,Backend Developer Data Scientist,https://remoteok.io/remote-jobs/99798-remote-backend-developer-data-scientist-komoot
PolySwarm,Senior Front End Developer,https://remoteok.io/remote-jobs/99794-remote-senior-front-end-developer-polyswarm
JetBridge,Senior Software Engineer,https://remoteok.io/remote-jobs/99792-remote-senior-software-engineer-jetbridge
Very LLC,Sr Software Engineer React React Native,https://remoteok.io/remote-jobs/99730-remote-sr-software-engineer-react-react-native-very-llc
GooseChase,Senior Full Stack Engineer,https://remoteok.io/remote-jobs/99701-remote-senior-full-stack-engineer-goosechase
Blok Party,Senior Android Engineer,https://remoteok.io/remote-jobs/99567-remote-senior-android-engineer-blok-party
InReach Ventures,Back end Developer,https://remoteok.io/remote-jobs/99530-remote-back-end-developer-inreach-ventures
Doximity,Senior Data Engineer,https://remoteok.io/remote-jobs/99491-remote-senior-data-engineer-doximity
Doximity,Senior Data Engineer Manager,https://remoteok.io/remote-jobs/99489-remote-senior-data-engineer-manager-doximity
Beyond Pricing,Senior Front End Engineer,https://remoteok.io/remote-jobs/99453-remote-senior-front-end-engineer-beyond-pricing
Beyond Pricing,Senior Back End Engineer,https://remoteok.io/remote-jobs/99409-remote-senior-back-end-engineer-beyond-pricing
Muck Rack,Senior Software Engineer,https://remoteok.io/remote-jobs/99378-remote-senior-software-engineer-muck-rack
Netdata Inc,Senior Site Reliability,https://remoteok.io/remote-jobs/99260-remote-senior-site-reliability-netdata-inc
Netdata Inc,Senior Software Engineer,https://remoteok.io/remote-jobs/99258-remote-senior-software-engineer-netdata-inc
Simpleweb,Lead back end developer,https://remoteok.io/remote-jobs/99178-remote-lead-back-end-developer-simpleweb
Coconut ,Full Stack Developer,https://remoteok.io/remote-jobs/99168-remote-full-stack-developer-coconut
Toptal,Freelance Backend Developer,https://remoteok.io/remote-jobs/99118-remote-freelance-backend-developer-remote-toptal
Pupil Labs,Senior Backend Dev DevOps,https://remoteok.io/remote-jobs/98830-remote-senior-backend-dev-python-devops-pupil-labs
Petal,Senior Full Stack Engineer,https://remoteok.io/remote-jobs/98453-remote-senior-full-stack-engineer-petal
dploy.ai,Golang engineer,https://remoteok.io/remote-jobs/98087-remote-golang-engineer-dploy-ai
Sporty ,Business Intelligence Data Analyst,https://remoteok.io/remote-jobs/97431-remote-business-intelligence-data-analyst-sporty
Prominent Edge,Lead Full Stack Software Engineer,https://remoteok.io/remote-jobs/97397-remote-lead-full-stack-software-engineer-prominent-edge
Fjelltopp,Full Stack Python JS Developer,https://remoteok.io/remote-jobs/97053-remote-full-stack-python-js-developer-fjelltopp
KinderList,Python Engineer,https://remoteok.io/remote-jobs/97021-remote-python-engineer-kinderlist
WP Media,Python Django Software Engineer,https://remoteok.io/remote-jobs/96938-remote-python-django-software-engineer-wp-media
Apartment Therapy Media,Senior Python Full Stack Engineer,https://remoteok.io/remote-jobs/96928-remote-senior-python-full-stack-engineer-apartment-therapy-media
Doximity,Software Engineer Security,https://remoteok.io/remote-jobs/86398-remote-software-engineer-security-doximity
Mainvest,Django Developer,https://remoteok.io/remote-jobs/86390-remote-django-developer-mainvest
RebelMouse,Senior Fullstack Engineer ﾉ* ・ﾟ�,https://remoteok.io/remote-jobs/86299-remote-senior-fullstack-engineer-rebelmouse
"PrintWithMe, Inc.",Software Engineer,https://remoteok.io/remote-jobs/86265-remote-software-engineer-printwithme-inc
Backtracks.fm,Python Developer,https://remoteok.io/remote-jobs/86257-remote-python-developer-backtracks-fm
Simple Poll,Software Engineer,https://remoteok.io/remote-jobs/85261-remote-software-engineer-full-stack-simple-poll
Toptal,Freelance Python Developer,https://remoteok.io/remote-jobs/85053-remote-freelance-python-developer-remote-toptal
WP Media,DevOps Python Django SaaS Developer,https://remoteok.io/remote-jobs/84795-remote-devops-python-django-saas-developer-wp-media
Remotesome,Senior Python Developer,https://remoteok.io/remote-jobs/84524-remote-senior-python-developer-remotesome
Kokoon Technology Ltd,Lead Backend Developer,https://remoteok.io/remote-jobs/84313-remote-lead-backend-developer-remote-kokoon-technology-ltd
PostHog,First engineer full stack,https://remoteok.io/remote-jobs/84205-remote-first-engineer-full-stack-posthog
Drops,QA Automation Engineer,https://remoteok.io/remote-jobs/84080-remote-qa-automation-engineer-drops
Jetcake,Backend Developer,https://remoteok.io/remote-jobs/83559-remote-backend-developer-jetcake
Vizibl,Backend Engineer,https://remoteok.io/remote-jobs/83539-remote-backend-engineer-vizibl
vidIQ,Senior Data Engineer,https://remoteok.io/remote-jobs/83438-remote-senior-data-engineer-vidiq
Omstars,Tech Lead NO LONGER AVAILABLE,https://remoteok.io/remote-jobs/83287-remote-tech-lead-no-longer-available-omstars
Doximity,Python Automation Engineer,https://remoteok.io/remote-jobs/83247-remote-python-automation-engineer-doximity
Numbrs Personal Finance AG,Security Engineer,https://remoteok.io/remote-jobs/83106-remote-security-engineer-remote-numbrs-personal-finance-ag
Atlastix,ELK Stack Developer,https://remoteok.io/remote-jobs/77164-remote-elk-stack-developer-atlastix
Wildfish,Full Stack Django Developer,https://remoteok.io/remote-jobs/77074-remote-full-stack-django-developer-wildfish
REPAY,Full Stack Developer,https://remoteok.io/remote-jobs/77035-remote-full-stack-developer-python-repay
Doximity,Software Engineer Full Stack,https://remoteok.io/remote-jobs/76493-remote-software-engineer-full-stack-doximity
Astra,Backend Engineer,https://remoteok.io/remote-jobs/76361-remote-backend-engineer-astra
Iterative,Senior Software Engineer,https://remoteok.io/remote-jobs/76126-remote-senior-software-engineer-iterative
MVPF,Developer Senior Developer,https://remoteok.io/remote-jobs/75960-remote-developer-or-senior-developer-mvpf
GooseChase,Full Stack Web Developer,https://remoteok.io/remote-jobs/75932-remote-full-stack-web-developer-goosechase
Pupil Labs,Senior Full Stack Developer,https://remoteok.io/remote-jobs/75838-remote-senior-full-stack-developer-pupil-labs
komoot,Senior Data Analyst,https://remoteok.io/remote-jobs/75791-remote-senior-data-analyst-komoot
PolySwarm,Senior Full Stack Developer,https://remoteok.io/remote-jobs/75742-remote-senior-full-stack-developer-polyswarm
CB Insights,Senior Backend Engineer,https://remoteok.io/remote-jobs/75696-remote-senior-backend-engineer-cb-insights
Specula.io,Full Stack Developer Fully Startup,https://remoteok.io/remote-jobs/75688-remote-sr-full-stack-developer-node-vue-typescript-python-sql-elastic-fully-remote-startup-specula-io
PolySwarm,Senior Front End Developer,https://remoteok.io/remote-jobs/75673-remote-senior-front-end-developer-polyswarm
Snowdrop,Senior Software Engineer,https://remoteok.io/remote-jobs/75658-remote-senior-software-engineer-snowdrop
SilviaTerra,Full Stack Developer,https://remoteok.io/remote-jobs/75473-remote-full-stack-developer-silviaterra
MageMojo,Senior SRE Kubernetes,https://remoteok.io/remote-jobs/75202-remote-senior-sre-kubernetes-magemojo
"ORCID, Inc.",Senior DevOps Engineer,https://remoteok.io/remote-jobs/75009-remote-senior-devops-engineer-orcid-inc-
Doximity,Software Engineer Data,https://remoteok.io/remote-jobs/74936-remote-software-engineer-data-product-integration-doximity
Draftable,Senior Full stack Engineer,https://remoteok.io/remote-jobs/74601-remote-senior-full-stack-engineer-python-js-draftable
Fraym,Full stack Software Engineer,https://remoteok.io/remote-jobs/74444-remote-full-stack-software-engineer-fraym
This Land dba Sunday,Experienced Python Backend Engineer For Growing Start Up,https://remoteok.io/remote-jobs/101001-remote-experienced-python-backend-engineer-for-growing-start-up-this-land-dba-sunday
Pentalog,Python Developer,https://remoteok.io/remote-jobs/100839-remote-python-developer-pentalog
RavenPack International SL,Python Web Developer,https://remoteok.io/remote-jobs/100836-remote-python-web-developer-ravenpack-international-sl
Compugain,Jr Mid React Python Developer,https://remoteok.io/remote-jobs/100695-remote-jr-mid-react-python-developer-compugain
Kinship,Python Engineer,https://remoteok.io/remote-jobs/100195-remote-python-engineer-kinship
Mako Medical,Python Developer,https://remoteok.io/remote-jobs/99941-remote-python-developer-mako-medical
CMAS Systems,Python Developer,https://remoteok.io/remote-jobs/99676-remote-python-developer-cmas-systems
Findaway World,Senior Python Developer,https://remoteok.io/remote-jobs/99575-remote-senior-python-developer-findaway-world
HealthLumen,Python C Developer,https://remoteok.io/remote-jobs/99294-remote-python-c-developer-healthlumen
Findaway,Senior Python Developer,https://remoteok.io/remote-jobs/99062-remote-senior-python-developer-findaway
Loadsmart,Senior Python Back End Engineer,https://remoteok.io/remote-jobs/98818-remote-senior-python-back-end-engineer-loadsmart
BairesDev,Python Developer,https://remoteok.io/remote-jobs/98788-remote-python-developer-bairesdev
Clevertech,Python Engineer 100,https://remoteok.io/remote-jobs/98682-remote-python-engineer-100-clevertech
Trafilea,SR Django Developer,https://remoteok.io/remote-jobs/98666-remote-sr-django-developer-trafilea
Verys,Senior Software Engineer Python Tornado AWS,https://remoteok.io/remote-jobs/98654-remote-senior-software-engineer-python-tornado-aws-verys
YouGov,Python Developer,https://remoteok.io/remote-jobs/98637-remote-python-developer-yougov
Railroad19,Principal Python Software Developer,https://remoteok.io/remote-jobs/98621-remote-principal-python-software-developer-railroad19
ShipHero,Experienced Python Developer,https://remoteok.io/remote-jobs/98580-remote-experienced-python-developer-shiphero
REPAY,Senior Full Stack Python Developer,https://remoteok.io/remote-jobs/98420-remote-senior-full-stack-python-developer-repay
Adspert Bidmanagement,Senior Python Developer,https://remoteok.io/remote-jobs/98409-remote-senior-python-developer-adspert-bidmanagement
PolicyFly,Django Python Backend Engineer,https://remoteok.io/remote-jobs/98256-remote-django-python-backend-engineer-policyfly
Packet Fabric,Python Engineer,https://remoteok.io/remote-jobs/98181-remote-python-engineer-packet-fabric
AppEvolve,Expert Django Developer,https://remoteok.io/remote-jobs/98165-remote-expert-django-developer-appevolve
Gorgias,Full Stack Python Engineer,https://remoteok.io/remote-jobs/98161-remote-full-stack-python-engineer-gorgias
PeopleDoc,Python Developer,https://remoteok.io/remote-jobs/98046-remote-python-developer-peopledoc
HeySummit,Full Stack Django Engineer,https://remoteok.io/remote-jobs/98031-remote-full-stack-django-engineer-heysummit
Flashpoint,Senior Python Developer,https://remoteok.io/remote-jobs/97840-remote-senior-python-developer-flashpoint
UCRAFT,Python Developer,https://remoteok.io/remote-jobs/97815-remote-python-developer-ucraft
Upstack,Python Developer,https://remoteok.io/remote-jobs/97638-remote-python-developer-upstack
REPAY,Python Full Stack Developer,https://remoteok.io/remote-jobs/97466-remote-python-full-stack-developer-repay
Bitedge,Python Developer,https://remoteok.io/remote-jobs/97419-remote-python-developer-bitedge
Bitedge,Python Data Engineer,https://remoteok.io/remote-jobs/97421-remote-python-data-engineer-bitedge
Source Coders,Senior Backend Go Python Engineer,https://remoteok.io/remote-jobs/97330-remote-senior-backend-go-python-engineer-source-coders
DjangoForce,Expert Django Developer,https://remoteok.io/remote-jobs/97248-remote-expert-django-developer-djangoforce
Clevertech,Python Flask Engineer,https://remoteok.io/remote-jobs/97228-remote-python-flask-engineer-clevertech
TileDB,Python Engineer,https://remoteok.io/remote-jobs/97224-remote-python-engineer-tiledb
Verys,Senior Software Engineer Python,https://remoteok.io/remote-jobs/97215-remote-senior-software-engineer-python-verys
Clevertech,Python Data Engineer,https://remoteok.io/remote-jobs/97203-remote-python-data-engineer-clevertech
REPAY,Integrations Full Stack Python Developer,https://remoteok.io/remote-jobs/97110-remote-integrations-full-stack-python-developer-repay
Scalable Path,Senior Django Developer,https://remoteok.io/remote-jobs/86775-remote-senior-django-developer-scalable-path
We Are Common,Senior Python Developer,https://remoteok.io/remote-jobs/86754-remote-senior-python-developer-we-are-common
AppEvolve,Jr Python Developer,https://remoteok.io/remote-jobs/86685-remote-jr-python-developer-appevolve
Routable,Senior Software Engineer,https://remoteok.io/remote-jobs/86632-remote-senior-software-engineer-python-django-routable
Oscatel,Full Stack Developer Node.js Python Go Autonomy Flexibility New Team,https://remoteok.io/remote-jobs/87096-remote-full-stack-developer-node-js-python-go-autonomy-flexibility-new-team-oscatel
Virtual Pricing Director,Back End Engineer Node.js Python Go Rust Workflow Management Data Science,https://remoteok.io/remote-jobs/87331-remote-back-end-engineer-node-js-python-go-rust-workflow-management-data-science-virtual-pricing-director
Sherpany AG,Senior Python Django Engineer,https://remoteok.io/remote-jobs/87074-remote-senior-python-django-engineer-sherpany-ag
Backtracks,Senior Python Developer,https://remoteok.io/remote-jobs/87344-remote-senior-python-developer-backtracks
Routable,Senior Backend Engineer,https://remoteok.io/remote-jobs/86372-remote-senior-backend-engineer-python-django-routable
Scanslated,Python Django Developer,https://remoteok.io/remote-jobs/87085-remote-python-django-developer-scanslated
X-Team,Senior Python Developer,https://remoteok.io/remote-jobs/87002-remote-senior-python-developer-x-team
Seez,Independent Self motivated Python Backend Developer,https://remoteok.io/remote-jobs/85325-remote-independent-self-motivated-python-backend-developer-seez
Surge,Senior Python Developer,https://remoteok.io/remote-jobs/85309-remote-senior-python-developer-surge
Ascent Software,UK Based Senior Python Engineer Solve Amazing Problems From Home,https://remoteok.io/remote-jobs/85243-remote-uk-based-senior-python-engineer-solve-amazing-problems-from-home-ascent-software
Ascent Software,UK Based Python Engineer,https://remoteok.io/remote-jobs/85244-remote-uk-based-python-engineer-ascent-software
Skalar Systems,Python Developer m w x,https://remoteok.io/remote-jobs/85239-remote-python-developer-m-w-x-skalar-systems
Labellevie by Deleev,DevOps Avec Des Base En Python,https://remoteok.io/remote-jobs/85166-remote-devops-avec-des-base-en-python-labellevie-by-deleev
Level Agency,Senior Python Developer,https://remoteok.io/remote-jobs/84956-remote-senior-python-developer-level-agency
Scalable Path,FULL Stack Django Developer Project Leader,https://remoteok.io/remote-jobs/84941-remote-full-stack-django-developer-project-leader-scalable-path
Conducto,Strong Generalist Who Is Very Good Python,https://remoteok.io/remote-jobs/84891-remote-strong-generalist-who-is-very-good-python-conducto
Scalable Path,FULL Stack Python,https://remoteok.io/remote-jobs/84400-remote-full-stack-python-scalable-path
SkillValue,Développeur Python C C Mission,https://remoteok.io/remote-jobs/84275-remote-developpeur-python-c-c-mission-skillvalue
User Research International,Paid Research Study For Students instructors Using Python,https://remoteok.io/remote-jobs/83913-remote-paid-research-study-for-students-instructors-using-python-user-research-international
ShipHero,Senior Python Developer,https://remoteok.io/remote-jobs/83869-remote-senior-python-developer-shiphero
Exputec,Python Backend Developer,https://remoteok.io/remote-jobs/83854-remote-python-backend-developer-exputec
Overloop,Python Data Engineer,https://remoteok.io/remote-jobs/83826-remote-python-data-engineer-overloop
Flowcast,Senior Python Engineer Fintech,https://remoteok.io/remote-jobs/83608-remote-senior-python-engineer-fintech-flowcast
Modus Create,Back End Engineer Python,https://remoteok.io/remote-jobs/83815-remote-back-end-engineer-python-modus-create
Clevertech,Python Data Engineer 100,https://remoteok.io/remote-jobs/83496-remote-python-data-engineer-100-clevertech
Soshace,Python,https://remoteok.io/remote-jobs/83309-remote-python-soshace
Clevertech,Python Backend Developer 100,https://remoteok.io/remote-jobs/83231-remote-python-backend-developer-100-clevertech
Clevertech,React Python Developer 100,https://remoteok.io/remote-jobs/83127-remote-react-python-developer-100-clevertech
Soshace,Python Back end Developer,https://remoteok.io/remote-jobs/83097-remote-python-back-end-developer-soshace
Clevertech,100% Python React Developer,https://remoteok.io/remote-jobs/82984-remote-100-python-react-developer-clevertech
Platform.sh,Python Go Cloud Engineer,https://remoteok.io/remote-jobs/77340-remote-python-go-cloud-engineer-platform-sh
ReCharge Payments,API Software Engineer Python,https://remoteok.io/remote-jobs/77226-remote-api-software-engineer-python-recharge-payments
Backblaze,Senior Python Engineer,https://remoteok.io/remote-jobs/77089-remote-senior-python-engineer-backblaze
Soshace,Full stack React Django Developer,https://remoteok.io/remote-jobs/76912-remote-full-stack-react-django-developer-soshace
Platform.sh,Python Cloud Engineer,https://remoteok.io/remote-jobs/76837-remote-python-cloud-engineer-platform-sh
ReCharge Payments,Senior Python Engineer,https://remoteok.io/remote-jobs/76813-remote-senior-python-engineer-recharge-payments
ReCharge Payments,Senior Python Engineer Platform,https://remoteok.io/remote-jobs/76757-remote-senior-python-engineer-platform-recharge-payments
XOi Technologies,Senior Python Engineer,https://remoteok.io/remote-jobs/76692-remote-senior-python-engineer-xoi-technologies
Clevertech,Python Data Science,https://remoteok.io/remote-jobs/76570-remote-python-data-science-clevertech
Scrapinghub,Python Developer,https://remoteok.io/remote-jobs/76269-remote-python-developer-scrapinghub
Geektastic,Code Challenge Reviewer 100% £50 per hour Java JavaScript PHP Python C# Ruby CSS HTML SQL Scala iOS Android,https://remoteok.io/remote-jobs/76263-remote-code-challenge-reviewer-100-50-per-hour-java-javascript-php-python-c-ruby-css-html-sql-scala-ios-android-geektastic
Soshace,Back end Django Developer,https://remoteok.io/remote-jobs/76164-remote-back-end-django-developer-soshace
Pivotal Energy Solutions,Permanent Django Developer,https://remoteok.io/remote-jobs/76108-remote-permanent-django-developer-pivotal-energy-solutions
Pluralsight,Back End Python Developer,https://remoteok.io/remote-jobs/75766-remote-back-end-python-developer-pluralsight
Soshace,Python Back end Web Developer,https://remoteok.io/remote-jobs/75581-remote-python-back-end-web-developer-soshace
Soshace,Full stack Developer With React Django,https://remoteok.io/remote-jobs/75542-remote-full-stack-developer-with-react-django-soshace
CVEDIA,Senior Python Developer,https://remoteok.io/remote-jobs/75073-remote-senior-python-developer-cvedia
Labster,Principle Python Software Engineer,https://remoteok.io/remote-jobs/74984-remote-principle-python-software-engineer-labster
DomainTools,Senior Python Developer,https://remoteok.io/remote-jobs/74941-remote-senior-python-developer-domaintools
Clevertech,Senior Python Developer Django Flask,https://remoteok.io/remote-jobs/74857-remote-senior-python-developer-django-flask-clevertech
CleanCapital,Senior Python Engineer,https://remoteok.io/remote-jobs/74849-remote-senior-python-engineer-cleancapital
Clevertech,Quantitative Developer Python,https://remoteok.io/remote-jobs/74388-remote-quantitative-developer-python-clevertech
Elastic,Cloud Lead Python Engineer,https://remoteok.io/remote-jobs/74371-remote-cloud-lead-python-engineer-elastic
